{"cameraMode":{"drawMode":0,"name":"Shaded","section":"Shading Mode"},"sceneLighting":false,"audioPlay":false,"sceneViewState":{"m_AlwaysRefresh":false,"showFog":true,"showSkybox":false,"showFlares":true,"showImageEffects":true,"showParticleSystems":true,"showVisualEffectGraphs":true,"m_FxEnabled":true},"in2DMode":false,"pivot":{"x":-7.264316082000733e-8,"y":0.003567553125321865,"z":-0.007637590169906616},"rotation":{"x":-0.02249324880540371,"y":-0.9774549007415772,"z":0.14504574239253999,"w":-0.15194331109523774},"size":0.03462871164083481,"orthographic":false}